{
  "SelectionFore": "Transparent",
  "SelectionBack": "0, 210, 240, 255",
  "WhiteSpaceColor": "0, 208, 208, 208",
  "EolColor": "0, 116, 169, 214",
  "EofColor": "0, 116, 169, 214",
  "HighlightColor": "0, 146, 98, 87",
  "LineNumberFore": "0, 27, 119, 146",
  "LineNumberBack": "Transparent",
  "DirtyLineBar": "0, 255, 241, 15",
  "IconBarBack": "0, 229, 228, 230",
  "CleanedLineBar": "0, 168, 239, 175",
  "RightEdgeColor": "0, 208, 208, 208",
  "MatchedBracketFore": "Transparent",
  "MatchedBracketBack": "0, 147, 255, 255",
  "ForeColor": "Transparent",
  "BackColor": "0,100,90,120"
}
